date,numero,evenement,detail
2026-10-02,50424-0204,apparu,"4 1/2 à 1583 $, Mercier-Hochelaga-Maisonneuve"
2026-10-02,50427-0210,apparu,"4 1/2 à 1411 $, Mercier-Hochelaga-Maisonneuve"
2026-10-02,50425-0106,apparu,"3 1/2 à 1134 $, Mercier-Hochelaga-Maisonneuve"
2026-10-02,20502-0105,apparu,"4 1/2 à 973 $, Mercier-Hochelaga-Maisonneuve"
2026-10-02,20502-0211,apparu,"4 1/2 à 987 $, Mercier-Hochelaga-Maisonneuve"
2026-10-05,20502-0105,retiré,
2026-10-06,30646-0002,apparu,"4 1/2 à 1064 $, Villeray-Saint-Michel-Parc-Extension"
2026-10-06,20504-0404,apparu,"3 1/2 à 931 $, Rosemont-La-Petite-Patrie"
2026-10-06,20502-0211,retiré,
